stop_name,stop_lat,stop_lon
AGH / UR,50.063550833,19.923754721999998
AKF / PK,50.073922638,19.997903333
Agatowa,50.0218376385,20.042851110500003
Akacjowa,50.081532360500006,19.977242083
Albatrosów,50.03761435133333,20.018571018333333
Aleja 29 Listopada Wiadukt,50.0933,19.95975
Aleja Przyjaźni,50.0753601385,20.034224027500002
Aleja Róż,50.07519046266666,20.038441110666668
Aleksandrowice Centrum,50.081215693999994,19.7640112495
Aleksandrowice Osiedle,50.081633888,19.769209305
Aleksandrowicza,49.9795761105,19.949479861
Aleksandry,50.0084541665,20.018299583
Architektów,50.09705416633333,20.054892407
Architektów Szkoła,50.096738888,20.060688611
Arctowskiego,50.05659787,20.001156851666668
Arka,50.0837665275,20.0301591665
Armii Krajowej,50.071821249500005,19.890880971500003
Azory,50.0868015275,19.9090029165
Baba Jaga,50.059145971999996,19.862376943999998
Babińskiego,50.007211759,19.880701203333334
Baczyńskiego,50.003297221500006,19.8692462495
Bagienna,50.0099613885,19.841060833
Bagry,50.034096111,19.995266111
Balice Autostrada,50.084599444000006,19.8056515275
Balice Grzybów,50.0907326385,19.7823284715
Balice Instytut Zootechniki,50.083860277,19.788948333
Balice Krakowska,50.083424166,19.7830587495
Balice Leśna,50.089907083,19.7866838885
Balice Medweckiego,50.0687379165,19.801367777
Balice Na Lotnisko,50.076624444,19.808118055
Balice Olszanica Bory,50.062339582999996,19.803985833
Balice Remiza,50.086756944,19.791099860499997
Balice Szkoła,50.084276527499995,19.792119583
Balice Winna Góra,50.0826037495,19.7766659715
Banacha,50.101737847,19.963467083
Bartnicza,50.0566508325,20.1870138885
Barycz,49.9851937495,20.0024124995
"Batalionu ""Skała"" AK",50.0883737495,19.9234373605
Batowice Dłubnia,50.1137593055,20.022143472
Batowice Kapliczka,50.111410138500005,20.015901110999998
Batowice Spławy,50.1099784715,20.009799166
Bazarowa,50.034259861,20.042217777
Bałuckiego,50.049639722,19.925893888
Benedyktowicza,50.0476348605,19.889995972
Beskidzka,50.0185218055,19.951619166
Betonowa,50.056040833,20.202484165999998
Białe Wzgórze,50.051534027,19.908838472
Białoprądnicka,50.094934304999995,19.935297916499998
Białucha,50.067782083,19.977758055000002
Biały Kościół Dolina Kluczwody,50.1687238885,19.826351944000002
Biały Kościół Murownia,50.178665555,19.813632083
Biały Kościół Murownia Pętla,50.181106111,19.811826111
Bibice Cmentarz,50.125609583,19.941485972000002
Bibice Kościuszki,50.1213801385,19.9587362495
Bibice Mokra,50.131013055,19.9607238885
Bibice Na Czekaj,50.132980092000004,19.966547499666667
Bibice Rynek,50.126395972,19.953696805
Bielany,50.043200092333336,19.819946573333333
Bielany Klasztor,50.043397360499995,19.8310813885
Bielany Obwodnica,50.042596943999996,19.810013750000003
Bielany Szkoła,50.04425527733333,19.826938518000002
Bielańska,50.0366597215,19.825693055000002
Bielańskie Skały,50.0441012495,19.851132083
Bieńczycka,50.076381527500004,20.0217823605
Bieżanowska,50.02340159675,19.98014923575
Bieżanów Drożdżownia SKA,50.011432083,20.0362563885
Bieżanów Granica Miasta,50.010324444000005,20.0647516665
Bieżanów Kaim,50.008084166,20.045017222
Bieżanów Pomnik,50.018160740333336,20.034405092333333
Bieżanów Potrzask,50.00835875,20.0528702775
Bieżanów Szkoła,50.018598611,20.024671666
Biprostal,50.0730138884,19.9154310552
Biskupa Prandoty,50.0785641665,19.94928625
Biskupice Rymarówka,49.972567221999995,20.1233237495
Biskupice Szczygłów,49.969193333,20.1326312495
Biskupińska,50.036247360999994,20.013655416
Bitschana,50.088705833,19.970796944
Blokowa,50.085528055,20.074033333000003
Bochenka,50.0101188885,19.9711901385
Bociana,50.095202777500006,19.954147916
Bodzowska,50.041206943999995,19.8724509715
Bodzów,50.038667777,19.867614166
Bogucianka,50.010109305,19.8121137495
Bojki,50.0078676385,19.961914860500002
Bolechowice Centrum,50.14696826325,19.791998194
Bolechowice Drogi,50.1420799995,19.796911944
Bolechowice Krzewiny,50.1351372215,19.799164444
Bolechowice Zielona,50.12707756925,19.8037645135
Bolechowice Zielona Mała,50.1319624995,19.7917988885
Bolesława Śmiałego,50.018310694,19.8177627775
Boleń Pętla,50.128591111,19.983133333
Bonarka,50.029289583,19.9537438885
Bora-Komorowskiego,50.0858076385,19.9795374995
Borek Fałęcki,50.01163215225,19.92707493025
Borek Szlachecki,49.9657840275,19.777752916
Borek Szlachecki Kościół,49.9649409715,19.771519165999997
Borkowska,50.004760138500004,19.9058186105
Borsucza,50.030393471500005,19.9287665275
Bosaków,50.0827774995,19.963724583
Bosutów Kościuszki,50.123243055,19.9940663885
Bosutów Krakowska,50.114628194,19.994824583
Botewa,50.03817286966666,20.027061480666667
Brama nr 8,50.073512777000005,20.126281944
Bratysławska,50.0836297915,19.93351062475
Brodowicza,50.069659027,19.961981805
Brogi,50.079754582999996,19.960213888
Bronowice,50.077466944,19.901756944
Bronowice Małe,50.08134546266667,19.88158541616667
Bronowice SKA,50.0814037776,19.8898129442
Bronowice Wielkie,50.105620694,19.8804861105
Brzegi Dom Kultury,50.0365558325,20.100936805
Brzegi Granica,50.037180416,20.1061438885
Brzegi Grobla,50.033305972,20.0940523605
Brzegi Pętla,50.031444444,20.09499
Brzegi Użytek Ekologiczny,50.035284305,20.087499027
Brzezie Działki,50.1166586105,19.8288901385
Brzezie Kluczwody,50.12872527725,19.821810138500002
Brzezie Kościół,50.132327569,19.821636458
Brzezie Kulka,50.1249374995,19.814845972
Brzezie Narodowe,50.1228106245,19.82169791625
Brzezinka Kościół,50.137804583000005,19.7387087495
Brzezinka Kuźnia,49.962972360500004,19.649084305000002
Brzezinka Skrzyżowanie,50.135411249499995,19.7396849995
Brzezinka Zarzecze,50.1382074995,19.747948332500002
Brzeźnica Dworzec,49.967182777,19.628235833
Brzeźnica Pasieka,49.9647724995,19.638939444000002
Brzoskwinia Góra,50.093678472,19.729222499499997
Brzoskwinia Kamyk,50.093247222,19.710103472
Brzoskwinia Koziary,50.090611666499996,19.734908055
Brzoskwinia Pętla,50.089834999999994,19.702912222000002
Brzoskwinia Remiza,50.0955658325,19.718502637999997
Brzozówka Oskarówka,50.1755059715,19.8964820825
Brzozówka Ośrodek,50.172235694,19.898241527499998
Brzyczyna,49.972694721500005,19.868873610500003
Brücknera,50.0122176385,19.8758662495
Budzyń Plaża Główna,50.0476327775,19.791585694
Budzyń Zalew na Piaskach,50.049470416,19.7993972215
Bujaka,50.009990416,19.9486299995
Buków Klin,49.9465933325,19.841823333
Buków Pętla,49.9533286105,19.8348697215
Buków Szkoła,49.946451666,19.846613194
Bulwarowa Ogródki Działkowe,50.071160555,20.053534166
Bunscha,50.0123662495,19.8835137495
Burów Balica,50.093641805000004,19.7742677775
Burów Centrum,50.095253611,19.769341388
Bystronia,50.109753194,20.114565
Bębło Lasek,50.1831801385,19.7773738885
Bębło Stara Wieś,50.184491805,19.792269722
Bębło Łabajowa,50.179856388000005,19.785728333
Będkowice Borynia,50.1759488885,19.754517360500003
Będkowice Cmentarz,50.171418471500004,19.7495466665
Będkowice Długa,50.163981388500005,19.7504162495
Będkowice Kawiory,50.1785815275,19.762101805500002
Będkowice Mosurowa,50.180712499500004,19.7671513885
Będkowice Pętla,50.158599166,19.747296111
Będkowice Rynek,50.167609722,19.752064305
Błonia Kościelnickie,50.0843972215,20.166229583
Cechowa,50.0069540275,19.9717290275
Cedyńska,50.090283888,20.004309722
Centralna,50.063567222,20.003794583
Centrum JP II,50.012326388,19.9371075
Chabrowa,50.0981330555,19.9123251385
Chałubińskiego,49.983031944000004,19.9368404165
Chełm,50.06774481433333,19.846720925666666
Chełmońskiego Osiedle,50.091783055,19.902153333
Chełmońskiego Pętla,50.093439027,19.897401527
Chełmska,50.0638138885,19.841064861
Chobot Kapliczka,50.0736612495,20.346730555
Chobot Leśniczówka,50.080205555,20.352612222
Cholerzyn Chałupki,50.052318194,19.783600276999998
Cholerzyn Granica,50.059813055000006,19.7423798605
Cholerzyn Sklep,50.059181666499995,19.768925694
Cholerzyn Skrzyżowanie,50.057923333,19.7619723605
Cholerzyn Skwer,50.0583718055,19.775000415999997
Cholerzyn Zagórze,50.058358333,19.7542568055
Chopina,50.06753,19.917252222
Chorowice Pętla,49.949365833,19.8697175
Chorzowska,49.995385833,19.914449722
Chrosna Kapliczka,50.079620694,19.729814444
Chrosna Pętla,50.082203055,19.709563333
Chrosna Sklep,50.0796251385,19.7211099995
Chrosna Studnia,50.081345972,19.716142083
Cianowice Do Cegielni,50.212663333,19.867174166
Cianowice Marianów,50.203917499499994,19.8805811105
Cianowice Małe,50.186349583,19.8854124995
Cianowice Poręba,50.2099776385,19.8722365275
Cianowice Szczodrkowicka,50.1971427775,19.8837590275
Cichy Kącik,50.06256824033333,19.902778055333332
Cienista,50.0855627775,20.038970416
Clepardia,50.093645416,19.945050555
Cmentarz Bielany,50.047989861000005,19.826333611000003
Cmentarz Bieżanów,50.0107547215,20.0237301385
Cmentarz Borek Fałęcki,50.009264814666665,19.914242407
Cmentarz Bronowice,50.0953284715,19.8734429165
Cmentarz Grębałów,50.091308610666665,20.071290647666668
Cmentarz Grębałów Południe,50.0901254165,20.063210972
Cmentarz Mydlniki,50.087267638,19.841232083
Cmentarz Olszanica,50.067590833,19.82408
Cmentarz Podgórski,50.039038055,19.964242916
Cmentarz Prądnik Czerwony,50.101428333,19.982595694
Cmentarz Prądnik Czerwony Wschód,50.102393194,19.9864211105
Cmentarz Rakowicki,50.0736963885,19.958722083
Cmentarz Rakowicki Zachód,50.075910694,19.947229860500002
Cmentarz Ruszcza,50.0849558325,20.149819583000003
Cmentarz Wróblowice,49.9798159715,19.954899583
Cogiteon,50.086343333,19.98790787
Conrada,50.0885693055,19.899203749999998
Cracovia Błonia,50.058850833,19.921834027499997
Cracovia Stadion,50.058503055,19.922690833
Cystersów,50.0665265275,19.968253332499998
Czajowice Władysława Łokietka,50.1897516665,19.797886527499998
Czarnochowice Kokotowska,50.0122141665,20.0739549995
Czarnowiejska,50.066373471999995,19.922623471999998
Czeczeńska,50.079275972000005,20.174503611
Czernichów Bór,49.9997498605,19.667990972
Czernichów Ratanice,49.9969674995,19.650519583
Czernichów Ratanice Most,49.995278193999994,19.6573712495
Czernichów Rynek,49.987158471499995,19.6765690275
Czernichów Stacja Paliw,49.991982221499995,19.6889137495
Czernichów Studzienki,49.9920662495,19.685427638500002
Czernichów Zakamycze,49.993129166,19.666572777
Czerwiakowskiego,50.008302222,20.010038611
Czerwieńskiego,50.083970833,19.902424444
Czerwone Maki P+R,50.017840763500004,19.889471597
Czulice Kościół,50.127033055,20.187995833
Czulice Przymiarki,50.1225202775,20.187340415999998
Czułów Granica,50.059450694,19.711863611
Czułów Sklep,50.0596699995,19.703573472000002
Czułów Szkoła,50.0609815275,19.694103194
Czułówek Kapliczka,50.042299444,19.679867222
Czułówek Skrzyżowanie,50.038957916499996,19.683454722
Czyżyny,50.073984305,20.0118847215
Czyżyny Dworzec,50.075166388,20.015249166
Cło,50.080147083,20.185999583
DH Wanda,50.0845866665,20.020482499499998
Danalówka,50.0279174995,20.039251944
Darwina,50.091055416,20.0599610415
Dauna,50.0189241665,19.977524722
Dobrego Pasterza,50.08885824033333,19.957876110666668
Dojazdów Działki,50.130765694000004,20.107331944000002
Dojazdów Na Górce,50.122564582500004,20.108498194
Dojazdów PKS,50.126976666000004,20.1022472215
Dojazdów Plac św. Stanisława,50.1208374995,20.1130502775
Dojazdów Przedszkole,50.117094861,20.118161249499998
Domagały,50.03276287,20.05198824
Domagały Magazyny,50.028600972,20.051639305000002
Dożynkowa,50.1024948605,19.946021944
Drożdżowa,50.011919444,20.040419444
Drożyska,50.0650959715,20.168263611
Drużbackiej,49.9821876385,19.989312222000002
Dunikowskiego,50.09157055525,20.016339096750002
Duża Góra,50.0180949995,20.0279074995
Dworcowa,50.033070833,19.9703874995
Dworzec Główny Wschód,50.068481666,19.949429166
Dworzec Główny Zachód,50.0680743745,19.944896457749998
Dwór Czeczów,50.015282777,20.040529722
Dziekanowice Batowice SKA,50.10787770825,19.996162013499998
Dziekanowice Długa,50.111911944,20.007274722
Dziekanowice Kapliczka,50.117064444,20.012035
Dziekanowicka,50.103938055,19.991837222
Dąbie,50.060893888500004,19.979504722
Dąbrowa,50.023890555,19.8481451385
Dąbrowa Szlachecka Figurka,49.9959212495,19.743632083
Dąbrowa Szlachecka Krzemiennik,49.999363471500004,19.7391263885
Dąbrowa Szlachecka Krzyż,49.998494444,19.7512526385
Dąbrowskiej,50.078142916000004,20.014651805
Elektromontaż,50.08800999975,20.064622986
Fabryczna,50.061198055000006,19.9705040275
Facimiech Pod Kolebą,49.958846944,19.722500416499997
Fatimska,50.093265277,20.028181944
Filharmonia,50.059127083,19.93302847175
Fiszera,50.085486944,19.896870277
Folwarczna,50.100518611,20.076515555
Fort Bodzów,50.031504861,19.8649088885
Fort Mogiła,50.065203333,20.070630833
Fort Skotniki,50.0066659715,19.870335555
Fort Swoszowice,49.9890336105,19.956113472
Fort Winnica,50.022930972,19.865955972000002
Forteczna,50.0009262495,19.9064512495
Fredry,50.021145555000004,19.9427226385
Friedleina,50.075432222,19.931704166499998
Gaik,50.1087286105,19.878837083
Gaj Kwiatowa,49.957916666,19.913175416
Gaj Rudawa,49.956093333,19.903164166499998
Gaj Szkoła,49.9610663885,19.891048888500002
Gaj Wiadukt,49.9555386105,19.892129027000003
Gaj Zadziele,49.955548332999996,19.8894887495
Gaj Zgody,49.9556286105,19.8970052775
Galicyjska,50.058395833,20.007080971500002
Garlica Duchowna Kapliczka,50.1440274995,19.9249363885
Garlica Duchowna Rozjazd,50.148963054999996,19.9219655555
Garlica Murowana Kasztany,50.134582777,19.922485555
Garlica Murowana Plac Zabaw,50.140923472,19.927449444
Gałczyńskiego,50.06921768466666,20.012700647666666
Geologów,49.985193472,19.978199444
Gerlaha,50.106597777,20.075504166
Giebułtów Kościół,50.141475416000006,19.883770694
Giebułtów Morgi,50.151578888,19.871016666
Giebułtów Osiedle Polana,50.129155833,19.880529444
Giebułtów Plac Zabaw,50.143932777,19.878735276999997
Giebułtów Zbiornik,50.1472540275,19.875439305
Giebułtów Zielone Wzgórze,50.1357459715,19.871425555000002
Giebułtów Świętego Idziego,50.138203472,19.8697049995
Giedroycia,50.063374444,20.0812436105
Giedroycia ZTPO,50.059304026999996,20.0782216665
Giełda Balicka,50.081545972,19.875723194
Glinnik,50.0469123605,19.882920694
Glogera,50.102256388499995,19.9277020825
Glogera Granica Miasta,50.104214721999995,19.9264452775
Gnieźnieńska,50.0834825,19.906260277
Godlewskiego,50.082352499500004,19.8534927775
Golkowice Granica,49.973679722,19.994827222
Golkowice Kościół,49.972624305,19.9797473605
Golkowice Pętla,49.973823611,19.966992916
Golkowice Sklep,49.9729791665,19.988067360499997
Gospodarska,50.1080438885,19.902869582500003
Goszcza Cmentarz,50.1821615275,20.0683724995
Goszcza Dworek,50.186880277499995,20.069809444
Goszcza Kościół,50.1849812495,20.073623472
Goszyce Pod Lasem,50.1710641665,20.124958749500003
Goszyce Remiza,50.178764027,20.132158333
Gotkowice Wieś,50.224375694,19.736684722
Gołuchowice Sklep,49.9406511105,19.7716338885
Gołuchowice Skrzyżowanie,49.94355629566667,19.778122221666667
Grabie Dom Kultury,50.040431944,20.133885833
Grabie Kościół,50.04081342566667,20.139297962666667
Grabie Kuźnia,49.9278561105,19.739956388499998
Grabie Pętla,49.926464444,19.735698055
Grabie Szczurów,50.0386974995,20.1118586105
Grabowa,50.069709722,19.859100416
Grabówki Pętla,49.9736173605,20.0005926385
Gromadzka,50.0406616665,19.976971110999997
Grota-Roweckiego,50.031513980999996,19.920410277333332
Grzegorza z Sanoka,50.098300416,20.0925877775
Grębałów,50.097296944,20.073153611
Grębynice Mogiełki,50.174064027499995,19.8637201385
Grębynice Parkowa,50.1678049995,19.8676566665
Grębynice Remiza,50.1661787495,19.872494860499998
Góra Borkowska,50.007135694,19.92501152725
Górka Narodowa P+R,50.105233610666666,19.96437037
Górka Pychowicka,50.033943055,19.875729722
Górna Wieś Pętla,50.162461388,19.936055833
Górnickiego,50.0961709715,19.941609444
Głowackiego,50.0756302775,19.906287638499997
Głęboka Kolonia,50.132183888499995,20.144505833
Głęboka Staw,50.133174027500004,20.149240415999998
Głęboka Zakręt,50.128606805000004,20.154056666499997
Hala Sportowa Piaski Wielkie,50.002719444,19.9862495825
Hala Targowa,50.0586741665,19.948954305
Hallera,50.003534443999996,19.9944138885
Halszki,50.005651111,19.94873074
Hektary,50.109621111,20.175496944000002
Husarska,50.044133055,20.065933194
Igołomska Zakłady,50.0743043055,20.132944583
Imbramowska,50.087913055,19.9477855555
Instytut Reumatologii,50.057725833,19.913982083
Iwanowice Dworskie Kotryska,50.213978055,19.956347777
Iwanowice Dworskie Pętla,50.2205325,19.979605277
Jabłonna,50.091763472,19.956339444
Jana Kazimierza,50.095014722,20.0471516665
Janasówka,49.999771944,19.817665277
Januszowice Młyńska,50.149524444,19.893009722000002
Januszowice Plac Zabaw,50.151288611,19.891845555499998
Janówka,50.0795462495,20.1603638885
Jasnogórska,50.0986140275,19.8902136105
Jaśkowice PKP,49.960705972,19.674303055000003
Jaśkowice Remiza,49.9600579165,19.666414305
Jerzmanowice Centralna,50.2178811105,19.757489166
Jerzmanowice Lepianka,50.208811804999996,19.773414582500003
Jerzmanowice Ojcowska,50.2214876385,19.749183194
Jerzmanowice Pod Lasem,50.2020012495,19.7845315275
Jerzmanowskiego,50.010173610500004,20.008634722
Jeziorzany Górskie Domy,49.981600694,19.766701666
Jeziorzany Pętla,49.986976111000004,19.7783701385
Jeziorzany Rondo,49.993739444,19.776363981
Jordanowska,50.095214722,19.9147263885
Jubilat,50.05576993,19.92723805525
Jubileuszowa,50.101224443999996,20.0693351385
Judyma,50.001972869666666,19.921871666333335
Judyma Szkoła,50.001051666500004,19.9168461105
Jugowicka,50.007485,19.930497221499998
Jurczyce Dom Ludowy,49.9385027775,19.780755833
Jurczyce Podole,49.9387276385,19.7908788885
Jurczyce Szkoła,49.938695833,19.786234860500002
Jędrzejczyka,50.0147499995,20.0420265275
Kabel,50.027451944,19.976099444
Kamień Remiza,50.008954999500006,19.583855416
Kamień Szkoła,50.014953055,19.586690833
Kamieńskiego,50.0289490275,19.957227083
Kamieńskiego Wiadukt,50.031532083,19.948776805
Kampus UJ,50.0242479165,19.902024722
Kampus UP JP II,50.020480694,19.898099999499998
Kantorowice,50.10434018499999,20.061726480999997
Kantorowicka,50.098889444,20.067272222
Kapelanka,50.044746110666665,19.921840277333335
Karniowice Górki,50.1494513885,19.779081666499998
Karniowice Pętla,50.152357222,19.773897222
Karniów Szkoła,50.131592360499994,20.171206943999998
Karpińskiego,50.016366388,19.963361944
Kasztanowa,50.065124027500005,19.8658329165
Kaszów Krzyżówka do Nowej Wsi Szlacheckiej,50.0388949995,19.7203325
Kaszów Na Górce,50.0359666665,19.716172638499998
Kaszów Remiza,50.039299583,19.725581527499997
Kaszów Szkoła nr 2,50.0218252775,19.728842777
Kaszów Tyrałówka,50.039600694,19.733450833
Kaszów Wielka Droga,50.0251468055,19.736233194
Kaszów Wyźrał,50.015714722,19.718761805
Kaszów Łysa Góra,50.037419305,19.744293333
Katowicka,50.090231805,19.882897221500002
Kawiory,50.06859564766666,19.913559259
Kenara,49.981996805,19.959961944
Klasztor Cystersów,50.0647338885,20.052126805
Klasztorna,50.0688138885,20.051078054999998
Kleeberga,50.09588342533334,20.013290833
Kleszczów Centrum,50.104901666,19.748825833
Kleszczów Pod Lipką,50.103092777,19.752515277500002
Klimeckiego,50.0487486105,19.9680440275
Kliny Poranne,49.995392777,19.911614722
Kliny Zacisze,50.0014413885,19.9005836105
Kobierzyn,50.0072534715,19.8918176385
Kobierzyńska,50.034102915999995,19.925679999499998
Kobylany Dworska,50.1481137495,19.753029165999997
Kobylany Kwiatowa,50.1472237495,19.762107776999997
Kobylany Remiza,50.1486152775,19.758423472
Kochanów Centrum,50.1148437495,19.747989583
Kochanów Sowiarka,50.1127848605,19.733833194
Kocmyrzów Biblioteka,50.130530832999995,20.130108194
Kocmyrzów Krzyżówka,50.133540138499995,20.1260784715
Kocmyrzów Rondo,50.133595694,20.114325694
Kocmyrzów Sodfiny,50.1300402775,20.137302638500003
Kocmyrzów-Luborzyca Urząd Gminy,50.135435138000005,20.1134573605
Kokotów I,50.0122152775,20.083870416
Kokotów II,50.013701944,20.093993194
Kolna,50.02475499933333,19.833243147666668
Kolna Kapliczka,50.028801388,19.830184166
Kombinat,50.079186295666666,20.065750925666666
Komorowskiego,50.053475277000004,19.922080694
Komuny Paryskiej,50.0070148605,19.896758194
Konary Królowej Polski,49.9334472215,19.916240555
Konary Pod Sosenką,49.9308288885,19.9177112495
Konary Pętla,49.9442175,19.921189444
Konary Sęk,49.935413333,19.927491111000002
Konopnickiej,50.0527924995,19.929382916
Kopalina,50.065855694,19.861372083
Korepty,50.0157452775,20.0283101385
Korona,50.0438055555,19.946601805
Korzkiew Botoja,50.1557566665,19.883446665999998
Korzkiew Zamek,50.161715277,19.881155972000002
Kosmowskiej,50.061376805500004,19.831357916
Kosocice,49.9942363885,19.989232222
Kosocicka,50.0044315275,20.011212083
Kostrze,50.018938055,19.842765694
Kostrze Kapliczka,50.026907083,19.8446813885
Kostrze OSP,50.028655416,19.852154305
Kostrze Szkoła,50.029133332499995,19.8552199995
Koszykarska,50.05225935133333,19.989631666333334
Kozienicka,50.0062216665,19.858931110500002
Kościelniki,50.090266805,20.175279305
Kościuszkowców,50.016345555499996,19.9293637495
Kraków Airport,50.0713063885,19.8001848605
Krasieniec Stary Kopalina,50.1960729165,19.938695694
Krasieniec Stary Skrzyżowanie,50.190666805,19.9415488885
Krasieniec Zakupny Kapliczka,50.211352082999994,19.9497124995
Krasieniec Zakupny Kotryska,50.213372222,19.955307777
Krasieniec Zakupny Pod Lipą,50.207578055,19.938057083
Krasieniec Zakupny Remiza,50.2008873605,19.9391320825
Krasnowolskiego,50.085345415999996,20.049161943999998
Krowoderskich Zuchów,50.088776666,19.9258463885
Krowodrza Górka P+R,50.0885619996,19.9317566108
Krowodrza Urzędy Skarbowe,50.084687777499994,19.9306699995
Kryspinów Rondo,50.043002777333335,19.796930832666664
Kryspinów Sanka,50.0421865275,19.787777916
Kryspinów Stopień Wodny,50.033327360499996,19.816259860499997
Krzemieniecka,49.983461527,19.9954612495
Krzesławice Młyn,50.0802213885,20.0568577775
Krzyszkowice Kasztanowa I,49.9863958325,20.024483471499998
Krzyszkowice Kasztanowa II,49.990363333000005,20.0242427775
Krzysztoforzyce Góra,50.1137788885,20.126654999499998
Krzysztoforzyce Pętla,50.115909722,20.138238333
Krzysztoforzyce Sklep,50.115366666,20.135135277
Krzysztoforzyce przy Dworze,50.115700000000004,20.131707222
Krzęcin Cmentarz,49.943529583,19.745501249500002
Krzęcin Kapliczka,49.945342361,19.733231944
Krzęcin Kościół,49.943693333,19.7413441665
Krzęcin Pętla,49.9529052775,19.7295716665
Krzęcin Sklep,49.940981527,19.7499824995
Krzęcin Szczęsna,49.9483626385,19.730394583
Krzęcin Szkoła,49.943812222,19.738990277
Ks. Luzara,50.062941944,20.194363610499998
Ks. Meiera,50.09783796233333,19.962126110666667
Ks. Łaczka,50.01014375,20.0288445825
Ks.Targosza,50.042764583,20.0528448605
Kuklińskiego,50.045038055199996,19.973521833
Kulerzów,49.9452951385,19.853748333
Kulerzów Wąwóz,49.945119444,19.8621866665
Kupały,50.094896666,20.016436111
Kurdwanów P+R,50.01406423575,19.949882847
Kurdwanów Szkoła,50.00539555500001,19.965959861
Kurzei,50.0951851385,19.9894312495
Kuźnicy Kołłątajowskiej,50.09808861075,19.9571262495
Kąpielowa,49.998073333,19.920676249750002
Kępa,50.055479166,20.065854444
Kępna,50.014650833,19.916642222
Kłokoczyn Machaczki,49.9963038885,19.632097916
Kłokoczyn Szkoła,49.995002916000004,19.6395213885
Kłuszyńska,49.9873912495,19.913449305
Lajkonika,50.062188749499995,19.8882080555
Landaua,49.988274536999995,19.962757592333332
Las Borkowski,50.00895374933333,19.908336156833332
Lasek Mogilski,50.0549170825,20.049557638499998
Lasówka,50.049373611,19.996333610500002
Lednica Górna Gory,49.977295972,20.092011944
Lednica Górna Świdówka,49.978405694,20.0862974995
Lekarska,50.086707083,19.938387083000002
Lesisko,50.054075972,20.0453112495
Leszka Białego,50.095817916499996,20.051266943999998
Leśmiana,50.068172777499996,19.8325326385
Libertowska,49.983575415999994,19.889765277000002
Libertów Dolny,49.979431250000005,19.910732361
Libertów Droga do Sidziny,49.971561110500005,19.876256943999998
Libertów Działy,49.9721554165,19.8912802775
Libertów Góra Libertowska,49.97620458275,19.908133263499998
Libertów Krzyżówka,49.9716616665,19.883819027
Libertów Szkoła,49.972581944,19.899189444
Libertów Zgodna,49.9782838885,19.909420138
Libertów Świetlista,49.9799741665,19.918359721999998
Lindego,50.08055842566667,19.870813425333335
Lipińskiego,50.030586249500004,19.9247338885
Lipowskiego,50.015096111,20.037180555
Lipska,50.04087898133333,19.983300647666667
Liszki Mazurowa,50.0388965275,19.773724305000002
Liszki Rondo,50.035012916,19.758369722
Liszki Tyniecka,50.034609444,19.7735927775
Liszki Urząd Gminy,50.038635185000004,19.768074999333333
Liszki Wołowska Droga,50.030974721999996,19.7492849995
Lubicz,50.06527842533333,19.951690184666663
Lublańska,50.085076388,19.962778333
Lubocza Bugaj,50.092208055,20.075473194
Lubocza Przychodnia,50.094906110500006,20.084104304999997
Lubocza SKA,50.088491296,20.073617962333334
Lubocza Szkoła,50.095288888333336,20.093479536666667
Lubocza Trafo,50.094363055,20.100515555
Luborzyca,50.1464555555,20.1093229165
Luborzyca Piotrowiec,50.150004860500005,20.1367901385
Luborzyca Przy Źródle,50.1429075,20.125008194
Luborzyca Szkoła,50.1436773605,20.1084555555
Lubostroń,50.014978796,19.901812129
Ludwinów,50.0432520825,19.934950555500002
Lusina Dobrzyczany,49.959094721499994,19.929215694
Lusina Dolna,49.973624166,19.933455833
Lusina Dwór,49.9737476385,19.927884722
Lusina Górka,49.955104999499994,19.9299186105
Lusina Krakowska,49.9753111105,19.9234811105
Lusina Krakówka,49.978629444,19.932269444
Lusina Kraśnik,49.9639373605,19.934993888
Lusina Kwiatowa,49.961604582999996,19.9191990275
Lusina Spacerowa,49.970479305,19.9305863885
Lusina Szkoła,49.9675830555,19.929893333
Lusina Zagrody,49.969240833,19.936159583
Lusina Zielona,49.953657082999996,19.933525555
Lusina Łany,49.9632137495,19.923124444
Maciejowice Góra,50.137062777,20.070119583
Maciejowice Pętla,50.142419444,20.071178611
Maciejowice Skrzyżowanie,50.140228194,20.074234721499998
Mackiewicza,50.09022481433333,19.943722962333336
Madejówka,50.0139011105,20.028153055
Magazynowa,50.0252299995,20.0382480555
Majora,50.088260647666665,19.964373888666668
Makowa,50.027211944,19.9662924995
Makowskiego,50.087650069,19.916784791
Makuszyńskiego,50.089416944,20.042941944
Malborska,50.02631074033334,19.973722222
Malborska Szkoła,50.0221399995,19.964914722
Malczewskiego,50.04887435133333,19.903119629
Malinowskiego,49.984111944000006,19.983573333000002
Marchołta,50.092911111,19.9878177775
Marszowice,50.187894443999994,20.0926052775
Marszowice Centrum,50.18090694375,20.09317465225
Marszowice Góry,50.1707440275,20.096033749500002
Marycjusza,50.098345416499996,20.025292360999998
Maszyce Remiza,50.179185972,19.861293333
Maszyce Sadzawka,50.1780177775,19.863419027
Maszyce Skrzyżowanie,50.180666666,19.855789444
Masłomiąca Długa,50.1579291665,20.013289444
Masłomiąca Koźlica,50.160395694,19.9895337495
Masłomiąca Staw,50.160698333,19.999132222
Mazowiecka,50.0782240275,19.917943194
Mała Wieś Skrzyżowanie,49.9987524995,20.102004444000002
Mały Płaszów P+R,50.03992861099999,20.000320277333334
Mehoffera,50.0894451385,19.913183194
Meissnera,50.075802499999995,19.979943749500002
Merkuriusza Polskiego,49.9928812495,19.939519304999997
Miasteczko Studenckie AGH,50.06990354125,19.9049993745
Michałowice Banasiówka,50.1458151385,19.967777361000003
Michałowice Brzozowa,50.150014305,19.957369860500002
Michałowice Centrum,50.1586038885,19.9804151385
Michałowice Dąbrowskich,50.1512255555,19.983745694
Michałowice Gościniec,50.1737642355,19.94396868
Michałowice Górna,50.166717500000004,19.978235554999998
Michałowice Jana Pawła II,50.15470324033333,19.948777222
Michałowice Komora,50.142134258666665,19.970379629333333
Michałowice Kwiaty Polne,50.146829027500004,19.962882499499997
Michałowice Las Michałowski,50.158816666,19.942050833000003
Michałowice Laskowiec,50.172637916,19.961465554999997
Michałowice Lecznica,50.165360832999994,19.968288332500002
Michałowice Michałówka,50.1701952775,19.940289305
Michałowice Na Stoku,50.1684752775,19.9511513885
Michałowice Ośrodek Zdrowia,50.1618137495,19.979527916000002
Michałowice P+R,50.158837222,19.978371666
Michałowice Ujęcie Wody,50.158305833,19.966493472
Michałowice Warszawka,50.171030833,19.975268472
Miechowity,50.083340624499996,19.969977846749998
Miejskie Centrum Opieki,50.009386388,20.003603055
Millana,50.017500972,19.9420188885
Miodowa,50.0535776385,19.948482222
Mistrzejowice,50.095658796,19.994862036666664
Miśnieńska,50.094509861,20.000313472
Mników Granica,50.064438194000005,19.737579583
Mników Pańska Góra,50.063082916,19.720942499499998
Mników Remiza,50.059904165999995,19.7220809715
Mników Skały,50.068845,19.707355
Mników Sklep,50.060290069,19.728327360999998
Mników Zarynnie,50.0662598605,19.718938332500002
Mochnaniec,50.016651804999995,19.881650416
Modlnica Cicha,50.125110833,19.884764165999997
Modlnica Kolonia,50.128314165999996,19.870325833000003
Modlnica Komora,50.137581388499996,19.865010833
Modlnica Kościelna,50.1335376385,19.855596527499998
Modlnica Podchruście,50.1126841665,19.8730501385
Modlnica Skrzyżowanie,50.124603054999994,19.867678333
Modlnica Szkoła,50.1306390275,19.863073749999998
Modlniczka Centrum Logistyczne,50.114315277,19.840868333
Modlniczka Dworska,50.11989129566666,19.854620925333336
Modlniczka Leroy Merlin,50.1062152775,19.850212360500002
Modlniczka Mała,50.10769777733333,19.836629537
Modlniczka Poligon,50.1153324995,19.868093055000003
Modlniczka Trzcie,50.109445416,19.839400833
Modlniczka Willowa,50.1152702775,19.8570254165
Mogilany Cicha,49.937874444,19.893464582500002
Mogilany Cmentarz,49.9448077775,19.8834377775
Mogilany Krótka,49.9332572215,19.906523194000002
Mogilany Ośrodek Zdrowia,49.9421051385,19.8928465275
Mogilany Pętla,49.943972685000006,19.87070583266667
Mogilany Rynek,49.94300648066667,19.885625184666665
Mogilany Wiadukt,49.9365424995,19.8966637495
Morawica Centrum,50.0747679165,19.752192221999998
Morawica Krzyżówka,50.080660740333336,19.749723703333334
Morawica Mostek,50.0827549995,19.738836944
Morawica Rudki,50.0702161105,19.7477309715
Morawica Szkoła,50.0802623605,19.7555397215
Morcinka,50.104072916250004,20.07204194375
Most Kotlarski,50.051057222,19.962198333
Motyla,50.037222083,19.996712222
Mrozowa,50.0842101385,20.072274860500002
Muzeum Armii Krajowej,50.071023333,19.948940833
Muzeum Narodowe,50.059280833,19.925376017999998
Mydlniki Granica Miasta,50.0900783325,19.8373726385
Mydlniki Wapiennik P+R,50.09085,19.840258888
Myślenicka,50.00539564766667,19.944022962666665
Myśliwska,50.045112083,19.9972548605
Myśliwska Szkoła,50.0455887495,19.991330555
Młynka Kalwaryjska,50.113850971999994,19.697316944
Młynka Pętla,50.111924166,19.692382222
Młynówka SKA,50.081297082999995,19.858715138500003
Na Budzyniu,50.1118522215,19.893421805
Na Krępaku,50.045316944,19.860036573666665
Nad Drwiną,50.032305277,20.056891666
Nad Dłubnią,50.089271805,20.039155694
Narama Graniczna Sklep,50.180473333,19.9445338885
Narama Księża,50.185740694,19.9437661105
Narama Remiza,50.180685,19.932645
Narzymskiego,50.0736976385,19.966187083
Natansona,50.098249166,19.9514316665
Nałkowskiej,49.98071120333333,19.873732962333335
Niebieska Autostrada,49.999405971499996,19.9885897215
Niebyła,50.102070416000004,20.061456388499998
Niedźwiedź Felix,50.2234138885,20.0820548605
Niedźwiedź PKP,50.211714443999995,20.085933472
Nielepice Pętla,50.106718888,19.709648055
Nielepice Stadnina,50.1027873605,19.715782777500003
Niepołomice Batorego,50.0405130555,20.222013054999998
Niepołomice Boryczów,50.023166527499995,20.1984302775
Niepołomice Diesla,50.033894722,20.188670833
Niepołomice Dworzec,50.03850166633333,20.216060740333333
Niepołomice Grobla,50.0420298605,20.229323194
Niepołomice Jazy,50.0436451385,20.238653611
Niepołomice Kolejowa,50.044344444000004,20.2122379165
Niepołomice Kościuszki,50.0289340275,20.206100694
Niepołomice Kątek,50.038996527500004,20.1732559715
Niepołomice Pasternik,50.040923888500004,20.166517777000003
Niepołomice Podgrabie,50.03878,20.151063472
Niepołomice Poręby,50.0371612495,20.1804572215
Niepołomice Płaszowska I,50.0309923605,20.1980699995
Niepołomice Rynek,50.0333193055,20.2163801385
Niepołomice Słoneczna,50.0465724995,20.2458047215
Niepołomice Wielicka,50.0192549995,20.191786666
Niepołomice Wodna,50.032902916,20.1928327775
Norymberska,50.02966722166667,19.912941295666666
Nowa Wieś Szlachecka Jesionka,50.0266265275,19.6810045825
Nowa Wieś Szlachecka Kapliczka,50.0339152775,19.7110786105
Nowa Wieś Szlachecka Kościół,50.027305833,19.697535833
Nowa Wieś Szlachecka Pętla,50.025820694000004,19.689947777500002
Nowa Wieś Szlachecka Sklep,50.0308180555,19.7043326385
Nowolipki,50.093159861000004,20.0322552775
Nowosądecka,50.01398638833333,19.965431759
Nowy Bieżanów P+R,50.015104583,20.0233259715
Nowy Bieżanów Południe,50.0126825,20.015480555
Nowy Kleparz,50.074394691,19.935890277333336
Nowy Prokocim,50.015965972000004,20.0116498605
Nowy Świat,50.055509166,19.929922222
Nullo,50.060148611,19.967310416
Obserwatorium,50.053686666000004,19.8270526385
Ochmanów Oknoplast,50.0028477775,20.125817777
Ochodza Dom Ludowy,49.967161805,19.742038471500003
Ochodza Dwór,49.964800555,19.743298333
Ochodza Odwiśle,49.977829722,19.750303611
Ochodza Staw,49.9702541665,19.746460416
Ochojno Dąbrówki,49.959390833,19.963369722
Ochojno Kamieniec,49.957272083,19.9712690275
Ochojno Remiza,49.954161944,19.973713333
Ochojno Skrzyżowanie,49.952854999500005,19.974195694000002
Ofiar Dąbia,50.059457222,19.975987777333334
Ogród Doświadczeń,50.065434027,19.9961149995
Ojcowska,50.100882083,19.884142083
Ojcowska Dworek,50.094437083,19.882401527
Ojcowska Wągroda,50.097462777000004,19.883311666
Ojców Zamek,50.212819166,19.831271111
Ojców Złota Góra,50.2150615275,19.815274861
Oleandry,50.059878333,19.920238888
Olsza II,50.0852321525,19.9706993745
Olszanica Bory,50.0619527775,19.805515694
Olszanica Kapliczka,50.068139305,19.828310555
Olszanica Ogródki Działkowe,50.0642726385,19.818299443999997
Opatkowice,49.9871638885,19.9145113885
Opatkowice Wiadukt,49.994691805,19.918407082999998
Opatkowice Zadworze,49.985027221500005,19.919480555
Opolska Estakada,50.0859432635,19.954555971749997
Opolska Kładka,50.091375416000005,19.926488194
Orkana,50.073245,20.050270277
Orszy-Broniewskiego,50.006100416,19.8644129165
Orłowskiego,50.1079876385,20.107339582999998
Os. Akademickie PK,50.0874472215,19.994611944
Os. Gotyk,50.09986,19.964403888
Os. Górali,50.0811459715,20.040883194000003
Os. Jagiellońskie,50.087849444,20.0276727775
Os. Kalinowe,50.091441943999996,20.010210833000002
Os. Kliny,50.000541388,19.912616944
Os. Kolorowe,50.072266944000006,20.029194583
Os. Kościuszkowskie,50.0827115275,20.0166413885
Os. Kurdwanów,50.004407777,19.960347222
Os. Marszowiec,50.118657083,19.9415268055
Os. Mistrzejowice Nowe,50.095034444,20.0210737495
Os. Na Lotnisku,50.08613222166667,20.013619351
Os. Na Skarpie,50.06925416633334,20.046117129333336
Os. Na Stoku,50.097822222,20.050161111
Os. Na Stoku Szkoła,50.09376712899999,20.056060740333333
Os. Oświecenia,50.08921824033333,19.988279073666664
Os. Piastów,50.1014504165,20.012791944
Os. Pod Fortem,49.998623611,19.897229444
Os. Podwawelskie,50.046398611,19.932711111
Os. Przewóz,50.0430426385,19.993112222
Os. Robotnicze,50.045847499999994,19.9092888885
Os. Strusia,50.086594444,20.009363333
Os. Wandy,50.069391388,20.04866
Os. Willowe,50.072500277,20.053574583
Os. Zgody,50.076796527,20.031041805
Os. Zielone,50.0792451385,20.0456795825
Os. Złotego Wieku,50.093955416,20.004397916
Ostafina,50.1049576385,20.171370416000002
Owcy-Orwicza,50.059711666,19.894475833
Owczary Długa,50.177422221499995,19.908362083
Owczary Pętla,50.174306111,19.913244166
PB,50.091036111,20.0317
PCK,50.084140416,20.0544338885
PP,50.036052777,20.01145
PW,50.02413,19.9591
Pachońskiego P+R,50.094798333,19.928888402250003
Panieńskich Skał,50.068563055,19.8641536105
Papierni Prądnickich,50.102214444,19.9575824995
"Park ""Skały Twardowskiego""",50.038029166,19.8987776385
Park Decjusza,50.0670088885,19.869608055
Park Jordana,50.060298888,19.917497222
Park Wodny,50.0901301385,19.982296666
Park Zdrojowy,49.992991665999995,19.935563333
Pasternik,50.098077222,19.8685643055
Petrażyckiego,49.981771110500006,19.8788051385
Petrażyckiego Osiedle,49.984292361,19.895854583000002
Petőfiego,50.094164027,20.0354463885
Piaski Nowe,50.015312916,19.970917916
Piaski Wielkie,50.00603324,19.982343425333333
Piasta Kołodzieja,50.0982776385,20.0131995825
Piastowska,50.058453703333335,19.899077036666668
Piastów SKA,50.106766666333336,20.011830462666666
Piaszczysta,50.096611666,19.931558611
Piekary Borki,50.0284726385,19.786699166
Piekary Centrum,50.023466944333336,19.795687962333332
Piekary Dół,50.031260833000005,19.7807466665
Piekary Górne,50.0182061105,19.7875673605
Piekary Korea,50.029064305,19.801038055
Piekary Na Brzegu,50.0295462495,19.807105416
Piekary Pałac,50.020505833,19.7936240275
Piekary Sklep,50.026173194,19.797429721500002
Pielgrzymowice Granica,50.153509444,20.0395968055
Pielgrzymowice Pętla,50.144086388,20.051163055
Pielgrzymowice Wierzbowa,50.1509523605,20.047594305
Pielęgniarek,50.083466111,19.936758888
Pilotów,50.078348749499995,19.970881110500002
Pisary Akacjowa,50.125650416,19.696729583
Pisary Dwór,50.1296495825,19.690764166
Pisary Dąbrówki,50.1442197215,19.6935011105
Pisary Kasztanowa,50.1413351385,19.6933398605
Pisary Mleczna,50.1246937495,19.7021754165
Pisary Spacerowa,50.135175833,19.6929537495
Plac Bohaterów Getta,50.046631666500005,19.955048055
Plac Centralny im. R.Reagana,50.0721251385,20.037320416249997
Plac Inwalidów,50.0691020552,19.9264636108
Plac Wolnica,50.048052638499996,19.9434212495
Plac Wszystkich Świętych,50.059123471999996,19.9378672215
Pleszów,50.072991666,20.117664166
Poczta Główna,50.05948324033333,19.942350555
Pod Lipą,49.975343611,19.986589444
Podgaje,49.9859862495,19.9023561105
Podgórki Tynieckie,50.006390833,19.844414166
Podgórze SKA,50.0420072772,19.9620576106
Podstawie,50.068492638500004,20.167038611000002
Podstolice Centrum,49.958451111,19.997687222
Podstolice Zamłynie,49.964904444,19.999721387999998
Podwierzbie,50.047624722,20.05997
Podłęże Balachówka,50.0107876385,20.1517840275
Podłęże Centrum,50.014250694,20.171019166
Podłęże Przedszkole,50.013493611,20.161748888
Podłęże Remiza,50.013410833,20.1643675
Polana Żywiecka,50.011096110500006,19.909148332999997
Polanka Hallera Centrum,49.933021666,19.768049166
Polanka Hallera Dwór,49.937293472,19.76618979125
Polanka Hallera Skrzyżowanie,49.93364138866667,19.752035092
Polanowice Boisko,50.198050138499994,20.0913436105
Polanowice Kolonia,50.1932841665,20.091661666
Politechnika,50.0711298605,19.94463409675
Poronińska,49.9869572215,19.917522083
Powstańców,50.0931998605,19.963961388
Powstańców Garaże,50.095107083,19.9679066665
Powstańców Magazyny,50.106208610500005,20.001599444
Poziomkowa,50.103885971500006,19.9071611105
Połomskiego,50.0191290275,19.944933749500002
Praska,50.0497398605,19.9205327775
Prokocim Szpital,50.0145374995,19.999347222
Prokocim UJ,50.010114027499995,19.992684166
Promienistych,50.088450832999996,19.9676563885
Prusy Kościół,50.118670694,20.091645833
Prusy Rondo,50.1103263885,20.081652916
Prusy Szkoła,50.1139548605,20.085249165999997
Pruszyńskiego,50.013742360500004,20.0487788885
Przebieczany Gdowska,49.973718194,20.109824582999998
Przeginia Dom Ludowy,50.2356074995,19.701003333000003
Przeginia Duchowna Kościół,50.019078055,19.6530584715
Przeginia Duchowna Remiza,50.0224111105,19.651943055
Przeginia Duchowna Rezerwat,50.034409027500004,19.6455734715
Przeginia Duchowna Szkoła,50.023957222,19.655707777499998
Przeginia Duchowna Zagórze,50.0327775,19.634937222
Przeginia Kościół,50.2376618055,19.686564722
Przeginia Narodowa Bunar,50.0056901385,19.660730833
Przeginia Narodowa Dwór,50.01148791599999,19.657584860500002
Przeginia Ostra Góra,50.230402083,19.7205676385
Przeginia Skotnica,50.2329065275,19.711633194
Przegon,50.0564429165,19.905009305500002
Przegorzały,50.0467940275,19.871032638499997
Przegorzały Obwodnica,50.046132360499996,19.872174583
Przewóz,50.0418298605,20.062304722
Przy Kuźni,50.004004721499996,19.9893855555
Przybyszewskiego,50.070844722000004,19.898361666
Przybysławice Centrum,50.157401805,19.895216666
Przybysławice Na Lipowiec,50.159832083,19.896997361
Przybysławice Na Stoczki,50.163769443999996,19.8992376385
Przylasek Wyciąski,50.0591362495,20.1765147215
Prądnik Biały,50.0962025,19.930309722
Prądnik Biały Zachód,50.101505462333336,19.923573240333337
Prądnik Czerwony P+R,50.09626201325,19.9742067355
Pszenna,50.0202380555,19.956063194000002
Pszona,50.078247777,19.977367499499998
Puszkarska,50.026570972,19.9489104165
Pychowice,50.0367470825,19.894576805
Pytlasińskiego,49.986349027,19.9402343055
Półłanki,50.038519444,20.04275708275
Pędzichów,50.069635694,19.937525555
Pękowice Fort,50.1248224995,19.9012945825
Pękowice Ojcowska,50.128215277,19.897813611
Pękowicka,50.1006766665,19.914780694
Płaszowska,50.0451499995,19.978612638500003
Płaszów Szkoła,50.037215277,19.991839722
Płk. Dąbka,50.036307083,20.006719722
Raciborowice Granica,50.118560415999994,20.0405473605
Raciborowice Wawelska,50.116851804999996,20.0330534715
Raczkiewicza,50.0688086105,19.83741375
Radio Kraków,50.071778194000004,19.9298836105
Radwanowice Krzeszowicka,50.144957777,19.708325277
Radwanowice Pętla,50.1482525,19.709406944
Radzikowskiego,50.083249861,19.9090598605
Radzikowskiego Osiedle,50.086275833,19.894045555
Radziszów Centrum,49.938723194000005,19.809814721499997
Radziszów Cmentarz,49.941273472000006,19.806187082999998
Radziszów Kamionna,49.9467165275,19.811217360500002
Radziszów Leśniczówka,49.9161186105,19.818508194000003
Radziszów Podlesie,49.920801527500004,19.821354166
Radziszów Podlesie Las,49.9119411105,19.821560694
Radziszów Stare Sanatorium,49.909539583,19.827357222
Radziszów Szpital,49.906699444,19.8337462495
Radziszów Włosanka,49.930449304999996,19.8206816665
Radziszów Za Mogiłką,49.938500694,19.800998194
Radziszów Zadworze,49.936324861,19.8157076385
Rajsko,49.986953333,19.96908125
Ratajów Skrzyżowanie,50.229993332999996,20.082018888500002
Rawałowice Góra,50.155771666,20.144834027
Rawałowice Kapliczka,50.166315555,20.155334722
Rawałowice Skrzyżowanie,50.164309166,20.148585971499998
Reduta,50.098610972,19.9745716665
Resztówka,50.0986513885,20.178331944
Reymana,50.061412222,19.910327777
Rodzinna,50.03513125,19.885635555
Rondo 308. Dywizjonu,50.067506944,20.006382360499998
Rondo Barei,50.08901423575,19.973723333
Rondo Czyżyńskie,50.07340645775,20.0176556245
Rondo Grunwaldzkie,50.04875324033333,19.931425462666667
Rondo Grzegórzeckie,50.057703679999996,19.9590524995
Rondo Hipokratesa,50.09037979125,20.0221506245
Rondo Kocmyrzowskie im. Ks. Gorzelanego,50.07951659675,20.0274113885
Rondo Matecznego,50.03669423575,19.94061965225
Rondo Mogilskie,50.065881071,19.959473927999998
Rondo Mogilskie Opera,50.065659166,19.957547777
Rondo Młyńskie,50.08027675899999,19.973254073666666
Rondo Ofiar Katynia,50.08743541625,19.891743957750002
Rondo Piastowskie,50.094327082999996,20.011022500000003
Rostworowskiego,50.02788916633333,19.91476499966667
Ruczaj,50.026904027499995,19.905806666
Rudawa 21 Lipca,50.141056944,19.707373055
Rudawa Granica,50.1316002775,19.7344487495
Rudawa Młyn,50.114294305,19.701748333
Rudawa Osiedle,50.1272315275,19.720870832499998
Rudawa PKP,50.1197737495,19.7134834715
Rudawa Rynek,50.1224127775,19.7117205555
Rudawa Stadion,50.114065138499996,19.71131479125
Rudawa Szkoła,50.1232976385,19.706902360999997
Rusocice Granica,50.005061944,19.588131388500003
Rusocice Jałowce,50.002290277499995,19.5910845825
Rusocice Na Brzegu,49.99978,19.601889444
Rusocice Skład,49.994911805499996,19.606335972
Rusocice Wieś,50.0011413885,19.612983611
Rusocice Załęg,49.997914583,19.616673333
Rusocice Łęg,49.995354027,19.618265137999998
Ruszcza,50.086936388,20.146420277
Rybitwy Dom Kultury,50.042756666,20.035419027
Rybitwy Rozjazd,50.046092221500004,20.0440213885
Rybitwy Sklep,50.041545694,20.0285077775
Rybna Dolna,50.039636111,19.634153055
Rybna Droga do Sanki,50.064875693999994,19.658824305499998
Rybna Dół,50.0440165275,19.637590138500002
Rybna Kościół,50.049336759,19.646981203
Rybna Nowy Świat,50.061655972,19.6567487495
Rybna Nowy Świat Góra,50.058950971499996,19.654982777500003
Rybna Ośrodek Zdrowia,50.0379936105,19.643099722000002
Rybna Pawilon,50.041367083,19.643512083
Rybna Szkoła,50.054051527,19.651814861
Rynek Dębnicki,50.051829027500006,19.9268327775
Rynek Fałęcki,50.018150694,19.9240774995
Rzebika,50.040963055000006,19.9917799995
Rzemieślnicza,50.0329311105,19.9385651385
Rzepakowa,50.076119166,20.148128055
Rzepichy,50.0623398605,19.8356487495
Rzeszotary Dworska,49.9435411105,19.9933736105
Rzeszotary Panciawa,49.932176666000004,19.9939216665
Rzeszotary Panciawa Pętla,49.934846388,19.999378055
Rzeszotary Pod Dębiną,49.938424444000006,19.9676965275
Rzeszotary Polanki,49.945236666,19.981068472
Rzeszotary Remiza,49.945704305,19.972998054999998
Rzeszotary Szkoła,49.9381851385,19.973494444
Rzeszotary Tempo,49.941757082500004,19.989726249500002
Rzeszotary Trafo,49.939266110999995,19.983431944
Rzeszotary Zalesie,49.931654860500004,19.9810615275
Rzozów PKP,49.945916388,19.803641804999998
Rzozów Skotnica,49.95309916625,19.799028819
Rzozów Szkoła,49.952625555,19.794413333
Rzozów Zagonnie,49.949182222000005,19.801133472
Rząska Autostrada,50.105492777,19.835856111
Rząska Cmentarz,50.10204601833334,19.861424722
Rząska Jednostka Wojskowa,50.099591944,19.8554043055
Rząska Podkamycze,50.091596666,19.8284561105
Rząska Szkoła,50.0989322215,19.8377024995
Rząska UR,50.096883055,19.8457837495
Różyckiego,50.088156944000005,19.912605833
Rączna Bażanty,50.0112111105,19.775287360500002
Rączna Cracovia Centrum Treningowe,50.003848518000005,19.766470184666666
Rączna Dzikowiec,50.0173461105,19.746065555
Rączna Gołębiec,50.01623222166666,19.775224165999997
Rączna Kapliczka,50.0153846525,19.768937708
Rączna Kościół,50.011044583,19.756724444
Rączna Osiedle,50.001303194,19.755733194
Rączna Podlas,50.0123543055,19.745359166500002
Rączna Remiza,50.008019444,19.767488610999997
Rżąka,50.006238055,20.010988611
Sadowie Wiadukt,50.176432222,20.066466804999997
Salwator,50.052849722,19.91654416625
Sapalskiego,49.9904948605,19.8640108325
Saska,50.0451396106,19.9838582216
Sawiczewskich,49.990304444,19.94595564766667
Sidzina,49.9884365275,19.8721015275
Sieborowice,50.1596168055,20.035895138
Siejówka,50.057219165999996,20.1808188885
Sielanka,50.065287638,19.8774315275
Sieroszewskiego,50.066102082499995,20.0513337495
Siewna,50.099374907,19.947776203333333
Siewna Wiadukt,50.09619131875,19.94695833275
Skalna,50.0388812495,19.8312899995
Skawina,49.9684975,19.8298025
Skawina 29 Listopada,49.9733486105,19.8345912495
Skawina Ajka,49.971082916,19.8292154165
Skawina Bukowska,49.961809165999995,19.8362413885
Skawina Centrum Sportowe,49.9712086105,19.8255313885
Skawina Cmentarz,49.975504999500004,19.831116944
Skawina Cmentarz Komunalny,49.9676922215,19.8523979165
Skawina Elektrownia,49.972884861,19.803196388499998
Skawina Graniczna,49.9765872215,19.861331805
Skawina Groble,49.966932222,19.819775833
Skawina Koncentraty,49.9728999995,19.814493471749998
Skawina Kopernika,49.966127777,19.850248471500002
Skawina Korabnicka,49.9740852775,19.8461165275
Skawina Korabnicka Szkoła,49.974251388,19.836886666
Skawina Korabniki,49.974780416,19.8584198605
Skawina Mickiewicza Szkoła,49.975651666000005,19.822706805
Skawina Nad Potokiem,49.9542612495,19.8151730555
Skawina Obwodnica,49.991344305,19.8482126385
Skawina Ogrody,49.9685213885,19.843820555
Skawina Os. Radziszowskie,49.959782915999995,19.815465832999998
Skawina Piastowska,49.9874786105,19.808804582999997
Skawina Piłsudskiego,49.972281805,19.7982690275
Skawina Podbory,49.968650833,19.785284351333335
Skawina Podgórki,49.996745694,19.818709583
Skawina Podlipki,49.9880387495,19.843735416
Skawina Popiełuszki,49.974326805000004,19.832040972
Skawina Radziszowska,49.969370555,19.8226863885
Skawina Rynek,49.9752487495,19.8279627775
Skawina Rzepnik,49.9831251385,19.8375324995
Skawina SCK,49.976453888500004,19.8214715275
Skawina Samborek Most,49.988621944,19.811472361
Skawina Starostwo Powiatowe,49.971899861,19.837824722
Skawina Sąd,49.97582675866666,19.817099443666667
Skawina Tyniecka,49.984564444,19.816234027500002
Skawina Tyniecka Osiedle,49.978183472,19.82003625
Skawina Tyniecka Rzepnik,49.991054444,19.8132774995
Skawina Wojska Polskiego,49.9868275,19.814291388
Skawina Wyspiańskiego,49.974670415999995,19.855848333
Skawina Wyspiańskiego Szkoła,49.971633194,19.853504722
Skawina Zachodnia,49.972998333,19.806752777
Skawina Żwirowa,49.985715833,19.8043259715
Skawina Żwirownia,49.982606110999996,19.807435833
Skała Rynek,50.230248611,19.853874722
Skała Rzeplińska,50.2258487495,19.856823611000003
Skała Wieś,50.214100555,19.8658725
Skotniki,50.00679657333333,19.874223795666666
Skotniki Kościół,50.009037222,19.874711111
Skotniki Szkoła,50.01649666633333,19.875999814333333
Skośna,50.0114765275,19.898597222
Skrajna,50.0924198605,19.9176701385
Skrzeszowice OSP Boisko,50.188663472,20.1445901385
Smardzowice Kościelna,50.191951666,19.8606613885
Smardzowice Podgóry,50.189571805,19.8689148605
Smardzowice Remiza,50.191910972,19.8537190275
Smardzowice Wołówka,50.1869662495,19.854504027
Smoleńskiego,49.981552777,19.919683888
Smolki,50.041546526999994,19.9431718055
Soboniowice,49.979547592333326,19.989564259
Sosabowskiego,50.0913893055,19.9313688885
Sołtysowska,50.065741666,20.0108137495
Spadochroniarzy,50.0800591665,19.9811948605
Stachiewicza,50.084893055,19.916344722
Staniątki Wiadukt,50.016096944,20.179012638499998
Stara Wola,50.061886666,19.8710062495
Stare Wiślisko,50.059271666499995,20.050269860500002
Starego Wiarusa,50.10096342533333,19.910193888666665
Starowiślna,50.056814305,19.945520555
Stary Kleparz,50.06638018466666,19.93916499966667
Stawowa,50.094288148,19.892861573666664
Stefana Batorego,50.066798472,19.929142083000002
Stella-Sawickiego,50.074488518,20.004789999333333
Stoczniowców,50.04911097175,19.981936805
Stojałowskiego,50.005148055,19.955393333
Stradom,50.051899097,19.9419077775
Struga,50.0747993328,20.0469843328
Strycharska,50.043328055,19.976586944
Strzelców,50.092928194,19.9752086105
Strzelnica,50.063930833,19.883216805
Sucha,50.024373194,19.942099305
Sucharskiego,50.0180979165,20.0433770825
Sudolska,50.091972777,19.964601666
Sulechów,50.1219680555,20.0966127775
Surzyckiego,50.039156018,20.004385925333334
Sułkowskiego,50.0236399995,19.9689979165
Sułków Zbój,49.999322499499996,20.110831805
Swoszowice Autostrada,50.00083708299999,19.941837638499997
Swoszowice Poczta,49.990590138499996,19.9419479165
Swoszowice SKA,49.999683194,19.9275477775
Swoszowice Szkoła,49.994174305,19.946407082999997
Szczecińska,50.042548333,19.990440694
Szczegów,49.993414722,19.995893055499998
Szczyglice Autostrada,50.0929243055,19.8156361105
Szczyglice Błonie,50.085801573666664,19.809186388333334
Szczyglice Dom Kultury,50.093842361,19.8082572215
Szczyglice Most,50.0879227775,19.818517083
Szczyglice Skała Kmity,50.097704444,19.8049401385
Szczyglice Skrzyżowanie,50.093390092,19.804123055
Szlifierska,50.0724866665,20.1897063885
Szparagowa,50.04380569425,20.045521597
Szpital Jana Pawła II,50.08875657366667,19.938495647666667
Szpital Narutowicza,50.080858472,19.936994583
Szpital Okulistyczny,50.099430833,20.064068888
Szpital Uniwersytecki / Instytut Pediatrii,50.0101091665,20.000481249499998
Szpital Żeromskiego,50.0664688885,20.046750832999997
Szwedzka,50.046703333,19.925421111
Szyce Spacerowa,50.1430059715,19.862392083
Szyce Wesoła,50.150551111,19.8539488885
Szymańskiego,50.075083888500004,20.139347222
Sąspów Cmentarz,50.230253749499994,19.7759052775
Sławka,50.026084583,19.9599149995
Słomiana,50.040724583,19.9243248605
Słomniki Kościuszki,50.2432186105,20.082871249500002
Słomniki Osiedle,50.2453225,20.084509166
Słomniki Rynek,50.240725833,20.080674444
Słomniki Zagłoby,50.2343527775,20.081969583
Słona Woda,50.003545277499995,20.003638610499998
Słoneckiego,50.089521944,19.976867777
TAURON Arena Kraków,50.067482638499996,19.988678333
TAURON Arena Kraków Wieczysta,50.071216295666666,19.983472314333333
TAURON Arena Kraków al. Pokoju,50.06436657366667,19.988930184666668
TR,50.030931111,19.931316388
Taklińskiego,49.986233888499996,19.907630416
Teatr Bagatela,50.063569906999994,19.932868518000003
Teatr Ludowy,50.081647569,20.03310249925
Teatr Słowackiego,50.064498517666664,19.944976666
Teligi,50.016579027000006,20.006471943999998
Tomaszkowice Urząd Gminy Biskupice,49.975978472,20.098770416500003
Tomaszowice Dwór,50.134379444000004,19.841880555000003
Tomaszowice Kolberga,50.1347915275,19.836727916
Tomaszowice Spacerowa,50.134887916,19.831471805
Tomaszowice Zacisze,50.135249443999996,19.848405694
Tondosa,50.0606699995,19.892240833000002
Tonie,50.109643981333335,19.886031018
Tonie Gliniki,50.1171065275,19.893922222
Tonie Kąty,50.1158713885,19.90183055525
Tonie Skrzyżowanie,50.1126097215,19.898524027500002
Tor Kajakowy,50.032568611,19.829195555
Torfowa,50.0184284715,19.9057663885
Trojanowice Krakowska,50.137168333000005,19.912959583000003
Trojanowice Pętla,50.140978055,19.910838611
Trojanowice Strugi,50.1344362495,19.9057998605
Trojanowice Słoneczna,50.1393127775,19.8990137495
Trąbki P+R,49.957295555,20.147004722
Trąbki Pacówki,49.9632913885,20.14204125
Trąbki Remiza,49.9583473605,20.1461943055
Tuchowska,50.013244166,19.966861805
Turowicza,50.01494340225,19.94528777725
Tymiankowa,50.069655277,20.162727916
Tyniec,50.0155151385,19.809110138500003
Tyniec Kamieniołom,50.008375277,19.814477777
Tyniecka Autostrada,50.021815833000005,19.8273466665
UKEN,50.074192986,19.910328402250002
UR Balicka,50.0808977775,19.8653084715
UR al. 29 Listopada,50.082628981,19.952148055333335
Ugorek,50.07705194375,19.983983958
Ujazd Pętla,50.135814026999995,19.820286666
Ukraina,49.975539026999996,19.946158194
Uniwersytet Ekonomiczny,50.0680187495,19.952413194000002
Urząd Marszałkowski,50.078820277,19.9223790275
Urząd Skarbowy Nowa Huta,50.104629722,20.012204166
Urzędnicza,50.0718854165,19.9195624995
Vetulaniego,50.0940698605,19.924373055
Wadowska,50.0965822215,20.119563610500002
Wadów,50.097275416,20.124480972
Wadów Glinik,50.092950972,20.132872777499998
Wadów Os. Kolejowe,50.097120972,20.128675833000003
Wadów Osiedle,50.106338055,20.1216638885
Wadów Szkoła,50.100575694,20.125493055
Warchałowskiego,49.9902249995,19.859940972
Warszewicza,49.9981293055,19.9459426385
Wawel,50.0543752775,19.939494305
Wały Wiślane,50.0276266665,19.847580833000002
Wańkowicza,50.08722819375,20.04702027725
Ważewskiego,49.983340277500005,19.912369722
Weigla,50.012968333,20.043085833
Wesele,50.079089027500004,19.897494999499997
Widłakowa,50.0373895825,19.877046111
Wielicka Granica Miasta,49.999303981333334,20.027910833000004
Wieliczka Asnyka,49.982663472,20.069784305
Wieliczka Centrum,49.985073888,20.056988611
Wieliczka Cmentarz,49.987319166,20.064698194
Wieliczka Czarnochowska Cmentarz,49.989685555,20.063364305
Wieliczka Goliana,49.9848963885,20.060683333
Wieliczka Klasztor,49.988567777,20.054611110499998
Wieliczka Klaśnieńska,49.981056944,20.055935694
Wieliczka Kopalnia Soli,49.98397518466667,20.056316110666668
Wieliczka Krzyszkowice Dom Ludowy,49.989900694,20.031793055
Wieliczka Krzyszkowice Kościół,49.9879640275,20.0331754165
Wieliczka Mediateka,49.984269305,20.064037499500003
Wieliczka Miasto,49.98666638833333,20.071715277
Wieliczka Modrzewiowa,49.9948101385,20.019904027
Wieliczka Niepołomska Granica,49.9922275,20.085683888
Wieliczka Ochronka,49.981527777,20.070433055
Wieliczka Orzechowa,49.993704444,20.0660602775
Wieliczka Os. Szymanowskiego,49.988816759,20.038112314333333
Wieliczka Park,49.987130555,20.049989583
Wieliczka Polna,49.980078610999996,20.077782360500002
Wieliczka Różana,49.998502222,20.024258333
Wieliczka Solne Miasto,49.985579027499995,20.046055000000003
Wieliczka Stacja Paliw,49.9931191665,20.042864444000003
Wieliczka Sąd,49.9806012495,20.050259721499998
Wieliczka Wygoda Kapliczka,49.996171944,20.059926666
Wieliczka Zbożowa,50.0026637495,20.055313611000003
Wielka Wieś Szkoła,50.156848333,19.843208194
Wielkie Drogi Ośrodek Zdrowia,49.959104583,19.7014347215
Wielkie Drogi PKP,49.957897083000006,19.710928610499998
Wielkie Drogi Szkoła,49.960860277500004,19.694428611
Wielkie Drogi Trzebol,49.9607122215,19.686378888500002
Wierzyńskiego,50.084593333,19.844913333
Wiktorowice Centrum,50.137420694,20.061123055
Wiktorowice Granica,50.141334861000004,20.056714444
Wiktorowice Rozlewnia Wód,50.1325049995,20.0641416665
Wiktorowice Skrzyżowanie,50.13220175866667,20.058603795666667
Wilczy Stok,50.068211666,19.853129722
Wileńska,50.082310555,19.953888333
Wilga,49.995007361000006,19.930491388
Wilków Kaplica,50.179178055,20.1090155555
Wilków Pętla,50.177526388,20.109830833
Winnicka,50.0199487495,19.871656666
Witkowice,50.108226943666665,19.942867777333333
Witkowice Nowe,50.105158888,19.944251805
Witkowicka,50.108819027500004,19.965635972
Witosa,50.012624444,19.9564038885
Więckowice Lipka,50.133810972,19.7783101385
Więckowice Ogrodowa,50.137699305,19.7699716665
Więcławice Stare Centrum,50.1546305555,20.0278591665
Więcławice Stare Wysyłek,50.154434860500004,20.0330138885
Wiślicka,50.087844907,20.001382221666667
Wlotowa,50.0189887495,19.988256388499998
Wodociągi,50.0414777775,19.840575555
Wodociągowa,50.048132083,19.897252360499998
Wodzickich,50.0906691665,20.182979860499998
Wola Batorska Borek,50.053669444,20.2958963885
Wola Batorska Cmentarz,50.052674583,20.2897997215
Wola Batorska Kościół,50.052931944,20.276616111
Wola Batorska Mikoniowiec,50.058227361,20.2985762495
Wola Batorska Ruskie,50.0531688885,20.258299721500002
Wola Batorska Zamoglice,50.064156666,20.3019336105
Wola Batorska Żwirownia,50.052589444,20.2665149995
Wola Duchacka,50.02066518466666,19.960946480999997
Wola Luborzycka Działki,50.1549716665,20.115769999500003
Wola Luborzycka Las,50.164380416,20.1189501385
Wola Luborzycka Skrzyżowanie,50.1600298605,20.1168327775
Wola Radziszowska Centrum,49.9080804165,19.78771125
Wola Radziszowska Chorzyny,49.903909861,19.776379165999998
Wola Radziszowska Kapelanka,49.9043145825,19.825379583
Wola Radziszowska Lipki,49.91014333299999,19.7985686105
Wola Radziszowska Mała Ostra Góra,49.9067974995,19.8147186105
Wola Radziszowska Most,49.907438333,19.804375833
Wola Radziszowska Podgaźle,49.9097524995,19.7929162495
Wola Radziszowska Pętla,49.902490277,19.7683975
Wola Zabierzowska Chałupki,50.070125555000004,20.333978055
Wola Zachariaszowska Szkoła,50.1504898605,19.9314613885
Wola Zachariaszowska Słoneczna,50.155604027500004,19.936286527500002
Wolica Kościół,50.054972082999996,20.202369861
Wolica Most,50.0519112495,20.2068309715
Wolica Szkoła,50.0558187495,20.193744305
Wołowice Grotowa,49.983715416500004,19.759027777500002
Wołowice Grotowa Skrzyżowanie,49.9845801385,19.7546252775
Wołowice Kapliczka,49.9864334715,19.727969027500002
Wołowice Niwka,49.98819611099999,19.705590694
Wołowice Pichonówka,49.988536944,19.712289583
Wołowice Remiza,49.989233333,19.727000694
Wołowice Sklep,49.989453472,19.720883888499998
Wołowice Skrzyżowanie,49.9953208325,19.734281805000002
Wołowice Szkoła,49.9937713885,19.731218194
Wołowice Zawierzbie,49.981719305,19.744999860500002
Wrobela,50.0474762495,20.066044305
Wrocławska,50.0768679165,19.927127777499997
Wrony,49.995332407,19.852405925333333
Wrząsowice Bonifraterska,49.948086249499994,19.946972916
Wrząsowice Centrum,49.959997916,19.9441237495
Wrząsowice Kowaleca,49.954059999500004,19.9459874995
Wrząsowice Nad Wilgą,49.967517361000006,19.952896527
Wrząsowice Pileckiego,49.957424444,19.9461830555
Wrząsowice Pod Skałą,49.961589305000004,19.954293610500002
Wrząsowice Spacerowa,49.9695872215,19.946010416500002
Wrząsowice Wrzosowa,49.963556388499995,19.9458651385
Wrząsowice Zielona,49.942689166,19.943760277499997
Wróblowice,49.98004981466667,19.944525832666667
Wróblowice Szkoła,49.984270972,19.9445840275
Wróżenice,50.1136486105,20.189619860500002
Wróżenice Górka,50.112865694,20.1824570825
Wróżenicka,50.112274444,20.178219861000002
Wybickiego,50.0839002775,19.927030416
Wyciąska,50.077270777,20.1562009996
Wyciąże Północ,50.077963194,20.163686388499997
Wyciąże Sklep,50.072164583,20.158401388500003
Wydział Farmaceutyczny UJ,50.011895277,19.993097222
Wyki,50.0927186105,19.922231666000002
Wysiołek Luborzycki,50.1583122215,20.104107083000002
Wysiołek Luborzycki Kapkazy,50.154737222,20.099864444
Wysiołek Luborzycki Radwany,50.163799305,20.099954305
Wysiołek Luborzycki Skrzyżowanie,50.151669074000004,20.105841758666667
Wysłouchów,50.008100416,19.953583055000003
Wzgórza Krzesławickie,50.095408263500005,20.06454354125
Węglarska,50.039625555,19.996678055
Węgrzce A1,50.119949096750005,19.967144097000002
Węgrzce B1,50.109614582999995,19.990473194
Węgrzce B4,50.109386111,19.980476805000002
Węgrzce Błonie,50.125722360500006,19.974836805
Węgrzce Centrum,50.119915833,19.9745825
Węgrzce Magiczne Wzgórze,50.113997638499995,19.9745904165
Węgrzce Pętla,50.128736388,19.9747425
Węgrzce Starostwo Powiatowe,50.114449582999995,19.966766665999998
Węgrzce Sudół,50.107243611,19.9851023605
Węgrzce Warszawska,50.1280551385,19.968243471500003
Węgrzce Wielkie Gościniec,50.0146359715,20.106202777
Węgrzce Wielkie OSP,50.014856944,20.110692083
Węgrzce Wielkie Pętla,50.014831666,20.115184166
Węzeł Wielicki,50.0062694996,20.017115499600003
Władysława Jagiełły,50.095244305,20.040820693999997
Władysława Łokietka,50.085913194,19.922986944
Włosań Centrum,49.913592222,19.903005833
Włosań Dział Wschodni,49.917162777499996,19.907164027500002
Włosań Kopań,49.923734583,19.919924444
Włosań Krzyżówka,49.918088055,19.914825833000002
ZDMK,50.063737916,20.008645833
ZOO,50.055055833,19.855422222
Zabawa Centrum,49.994428055,20.0903563885
Zabawa Granica,49.992498055,20.086513611
Zabierzów Bocheński Centrum,50.067682082999994,20.318429721999998
Zabierzów Centrum,50.112837083,19.802786805
Zabierzów Eximius Park,50.10668569400001,19.824108055
Zabierzów Kamieniołom,50.115713055,19.7917248605
Zabierzów Kmity,50.108445555,19.816239443666667
Zabierzów Młyn,50.11963666633333,19.801486851333333
Zabierzów Ośrodek Zdrowia,50.117113333,19.776451805
Zabierzów PKP,50.118009027499994,19.8008193055
Zabierzów Piaski,50.1169830555,19.783584444
Zabierzów Rynek,50.116705277,19.799944861
Zabierzów Rzemieślnicza,50.1091009715,19.8260695825
Zabierzów Willowa,50.112211666,19.810157777
Zabierzów Wrzosowa,50.116174583,19.762615138500003
Zabłocie Kościelnickie,50.0951208325,20.1740191665
Zachodnia,50.023658611,19.910731388499997
Zagacie Górka,49.9997173605,19.6964087495
Zagacie Witkówki,50.004357776999996,19.702478055
Zagaje,49.998581666,19.914545833
Zagórzyce Dworskie Remiza,50.174826111,20.039423611
Zagórzyce Stare Owocowa,50.167360555,20.0349755555
Zajezdnia Bieńczyce,50.0912272215,20.0327862495
Zajezdnia Nowa Huta,50.083863333,20.065690138500003
Zajezdnia Płaszów,50.035378610500004,20.0116386105
Zajezdnia Wola Duchacka,50.023814259000005,19.959816017999998
Zakamycze,50.0583970825,19.8290038885
Zakarnie,50.0530124995,20.0622013885
Zakliki,50.0831088885,19.849561110499998
Zakole,50.108810833,20.053120277
Zakrzów Ogrodzieniec,50.0092904165,20.144554305
Zakępie,50.067991944,20.189647777
Zalew Nowohucki,50.075212083,20.052911666500002
Zalew Zesławice,50.1042059715,20.0331038885
Zarzecze,50.077029860500005,19.8889698605
Zaskale,50.0467297215,19.8651401385
Zastów Działki,50.121563472,20.0565615275
Zastów Pętla,50.121279722,20.0505990275
Zawiszy,49.999563472,19.9126502775
Zawiła,50.0064516665,19.901064305
Zawodzie,50.093504304999996,19.952594165999997
Zbrojarzy,50.019655555,19.929068611
Zbydniowice,49.97278490666667,19.947293055
Zbydniowicka,49.973471805,19.9608038885
Zelczyna,49.962474027,19.758203749499998
Zelczyna PKP,49.9604341665,19.747848472
Zelczyna Piaski,49.9580623605,19.7283836105
Zelczyna Szkoła,49.95914923575,19.74399319425
Zelków Kościuszki,50.1615376385,19.8054647215
Zelków Pętla,50.161463611,19.811571944
Zelków Spławy,50.161203333,19.800204444000002
Zelków Staw,50.159647638500005,19.7960908325
Zelków Wola,50.154081666500005,19.799639444
Zesławice,50.106222083,20.0438184715
Zesławice Ogródki Działkowe,50.1057886105,20.049203749500002
Zielińskiego,50.047017430000004,19.91244277725
Zielonki Długopolska,50.111575555,19.914395972
Zielonki Galicyjska,50.122391944,19.9328801385
Zielonki Jaskinia Zielonkowska,50.132252638,19.919220694
Zielonki Marszowiec Pętla,50.12367074,19.939513425333335
Zielonki Na Popielówkę,50.1080837495,19.9161674995
Zielonki Rozjazd,50.129379443999994,19.917014027
Zielonki Skrzyżowanie,50.1079926385,19.924267083
Zielonki Słoneczna,50.104300554999995,19.918622777499998
Zielonki Transformator,50.123868333000004,19.920324305
Zielonki Urząd Gminy,50.118195277249995,19.92215305525
Zielony Dół,50.066739583,19.8559361105
Złocieniowa,50.0162086105,20.0508913885
Złocień,50.02232212933333,20.050859258666666
Ćwiklińskiej,50.0158290275,20.019567083
Łagiewniki,50.029309388399994,19.936567221799997
Łagiewniki SKA,50.02111166633333,19.932145740666666
Łempickiego,50.078362221999996,20.0606226385
Łobzów SKA,50.08198527725,19.915920971749998
Łososkowice Remiza,50.1876875,20.160179444
Łososkowice Szkoła,50.190580555,20.1563329165
Łuczanowice,50.107260277,20.110805694
Łuczanowice Skrzyżowanie,50.111369305,20.119814027
Łuczanowicka,50.101008194,20.0971826385
Łuczyce Kosynierów,50.160454860499996,20.084313611
Łuczyce Las,50.159198194,20.092041805
Łuczyce Zjawienie,50.1647151385,20.0753749995
Łuczyce Zwierzyniec,50.170319305,20.0690913885
Łuczyńskiego,50.0129586105,19.913075694
Łukasiewicza,50.075265555,19.965461388
Łutnia,50.040549722,20.0734974995
Łużycka,50.007977083,19.9742747215
Łęczycka,50.092867638499996,20.0063773605
Ściejowice Kościel,49.998850000000004,19.7797626385
Ściejowice Na Bagnach,50.0023011105,19.7783737495
Ściejowice Remiza,50.0060052775,19.7789249995
Ślaskiego,50.025570277499995,19.850864860500003
Śliwiaka,50.037615416,20.059114583
Śliwiaka Zakłady,50.0381724995,20.052651666000003
Ślósarczyka,50.009577777,20.041684444
Świdzińskiego,50.010483888,20.032492222
Świątniki Górne Bielowicza Szkoła,49.9351252775,19.9626740275
Świątniki Górne Buk,49.935111388500005,19.9343686105
Świątniki Górne Centrum,49.934285693999996,19.953590277
Świątniki Górne Krakowska,49.938574444,19.943056249999998
Świątniki Górne Piasna Górka,49.9319486105,19.973802222
Świątniki Górne Skrzyżowanie,49.934247777500005,19.9671751385
Świątniki Górne Urząd Miasta i Gminy,49.934383055,19.946178054999997
św. Gertrudy,50.058531111,19.940814722
św. Wawrzyńca,50.0512677775,19.950940832999997
Żelazowskiego,49.9885155555,20.0001586105
Żeromskiego,50.078611527,20.0389074995
Żywiecka,50.016181249499994,19.9204948605
Żyzna,49.9828473605,19.884555138499998
